<?xml version="1.0" encoding="UTF-8"?>
<!DOCTYPE lista_de_notas SYSTEM "./Ejercicio3.dtd">

<lista_de_notas>
    <!-- Nota 1 -->
    <nota>
        <para>Pedro</para>
        <de>Laura</de>
        <titulo>Recordatorio</titulo>
        <contenido>A las 7:00 pm en la puerta del teatro</contenido>
    </nota>
    
    <!-- Nota 2 con hora y día -->
    <nota dia="23/01/2010" hora="13:15">
        <para>Miguel</para>
        <de>Juan</de>
        <titulo>Informes</titulo>
        <contenido>Te he dejado los informes en el casillero</contenido>
    </nota>
</lista_de_notas>